"front","back","chapter"
"Exam length and question count","120 minutes, 70–75 questions","Front"
"Domain weights D1–D6","5 / 30 / 30 / 5 / 20 / 10 %","Front"
"Four AI factory fabrics","Compute, storage, in-band management, OOB management","Ch 1"
"SuperPOD scalable unit","32 nodes + 8 rail leaves","Ch 1"
"QM9700","Quantum-2, 64 × NDR 400 Gb/s ports","Ch 1"
"SN5600","Spectrum-4, 64 × 800 GbE, 51.2 Tb/s","Ch 1"
"Best GPU–NIC affinity in nvidia-smi topo -m","PIX (same PCIe switch)","Ch 1"
"NVLink 5 bandwidth per GPU","1.8 TB/s bidirectional","Ch 2"
"Rail-optimized rule","NIC n of every node → rail leaf n","Ch 2"
"Two-tier fat-tree endpoints","k²/2","Ch 2"
"busbw for all-reduce","algbw × 2(n−1)/n","Ch 2"
"Collective typical of MoE","All-to-all","Ch 2"
"Rail cabling check (IB)","ibdiagnet --rail_validation","Ch 2"
"Proof that GPUDirect RDMA is used","GDRDMA in NCCL_DEBUG=INFO output","Ch 2"
"RoCEv2 destination port","UDP 4791","Ch 3"
"RoCEv1 identifier","Ethertype 0x8915 (Layer 2 only)","Ch 3"
"QP state sequence","RESET → INIT → RTR → RTS","Ch 3"
"BTH size and key fields","12 B: OpCode, P_Key, dest QPN, PSN","Ch 3"
"RoCE loss recovery","Go-back-N from the missing PSN, so avoid drops","Ch 3"
"Which GID index for RoCEv2","The RoCEv2 entry for the routable IP (check show_gids; often 3)","Ch 3"
"NVUE config states","pending → applied → startup","Ch 4"
"Apply NVUE changes","nv config apply","Ch 4"
"Persist NVUE config","nv config save → /etc/nvue.d/startup.yaml","Ch 4"
"Apply with auto-rollback","nv config apply --confirm <time>","Ch 4"
"NVUE REST API","https://<switch>:8765/nvue_v1/","Ch 4"
"Enable RoCE on Spectrum-X","nv set qos roce (lossless default)","Ch 5"
"RoCE lossy mode","nv set qos roce mode lossy (no PFC)","Ch 5"
"RoCE DSCP → priority","DSCP 26 (24–31) → SP 3 → TC 3","Ch 5"
"CNP DSCP → priority","DSCP 48 (48–55) → SP 6 → TC 6, strict","Ch 5"
"RoCE TC scheduling","DWRR 50%","Ch 5"
"ECN min / max threshold","146.48 KB / 1.43 MB, probability 100%","Ch 5"
"ECN enabled on which TCs","TC 0 and TC 3","Ch 5"
"Host traffic class byte for RoCE","106 (DSCP 26 + ECT(0))","Ch 5"
"NCCL variable for RoCE traffic class","NCCL_IB_TC=106","Ch 5"
"Host PFC on priority 3","mlnx_qos -i <if> --trust dscp --pfc 0,0,0,1,0,0,0,0","Ch 5"
"ECN CE codepoint","11","Ch 5"
"PFC standard","IEEE 802.1Qbb, per priority, hop by hop","Ch 5"
"DCQCN receiver role","NP: sends CNP to the sender","Ch 5"
"Counter proving sender reacts to CNPs","rp_cnp_handled","Ch 5"
"Enable Spectrum-X AR","nv set router adaptive-routing state enabled + per interface","Ch 6"
"AR unsupported interfaces","SVIs, subinterfaces, bonds","Ch 6"
"AR default utilisation threshold","70%","Ch 6"
"Who reorders sprayed packets","SuperNIC (direct data placement)","Ch 6"
"HFT interval range and default","100–12,750 µs, default 5,000 µs","Ch 6"
"HFT hardware","Spectrum-4 or later, PTP recommended","Ch 6"
"VXLAN port and VNI size","UDP 4789, 24 bits","Ch 7"
"EVPN type-2 / type-3 / type-5","MAC/IP / IMET flood list / IP prefix","Ch 7"
"What gives tenant isolation in EVPN","VRF + route targets","Ch 7"
"Map VLAN to VNI","nv set bridge domain br_default vlan 110 vni 10110","Ch 7"
"Tenant L3 VNI","nv set vrf AURORA evpn vni 104001","Ch 7"
"BlueField-3 SuperNIC default mode","NIC mode","Ch 8"
"BF-3 DPU → NIC mode","mlxconfig … s INTERNAL_CPU_OFFLOAD_ENGINE=1 + system-level reset","Ch 8"
"DOCA profile for SuperNIC hosts","doca-networking","Ch 8"
"Install BlueField OS","bfb-install --bfb <file> --rshim rshim0","Ch 8"
"Recommended Air topology import","JSON","Ch 9"
"What Air cannot validate","ASIC data plane: buffers, PFC/ECN under load, AR, HFT, performance","Ch 9"
"NetQ RoCE validation","netq check roce","Ch 10"
"NetQ RoCE counters","netq show roce-counters","Ch 10"
"WJH on by default from","Cumulus Linux 4.4.0","Ch 10"
"Show WJH drops on the switch","nv show system wjh packet-buffer","Ch 10"
"Show WJH drops in NetQ","netq show wjh-drop","Ch 10"
"NDR lane / port speed","100 Gb/s / 400 Gb/s (4X)","Ch 11"
"SM election rule","Highest priority (0–15), tie → lowest GUID","Ch 11"
"IB port state sequence","Down → Initialize → Armed → Active","Ch 11"
"LinkUp + Initialize means","SM has not configured the port","Ch 11"
"Polling means","Physical problem or no partner","Ch 11"
"Show master SM","sminfo","Ch 11"
"Embedded SM on MLNX-OS","ib smnode <name> enable · sm-priority <n>","Ch 12"
"UFM OpenSM config directory","/opt/ufm/files/conf/opensm/","Ch 12"
"Reload OpenSM config","pkill -HUP opensm","Ch 12"
"UFM HA components","Pacemaker + DRBD + VIP + HA Watcher","Ch 12"
"ufm_ha_cluster failover vs takeover","failover on master · takeover on standby","Ch 12"
"PKey MSB","1 = full, 0 = limited","Ch 13"
"Default PKey","0x7FFF (0xFFFF full)","Ch 13"
"Limited ↔ limited","Cannot communicate","Ch 13"
"partitions.conf default membership","limited","Ch 13"
"IPoIB child for 0x8001","ip link add link ib0 name ib0.8001 type ipoib pkey 0x8001","Ch 13"
"SL field","4 bits in LRH (0–15)","Ch 14"
"Management VL","VL15","Ch 14"
"Enable IB QoS","qos TRUE in opensm.conf","Ch 14"
"AR routing engine","routing_engine ar_updn","Ch 14"
"SHARP on Quantum-2","SHARPv3; enable in NCCL with NCCL_COLLNET_ENABLE=1","Ch 14"
"UFM Telemetry primary","30 s, ~30 counters","Ch 15"
"UFM Telemetry secondary","300 s, ~120 counters","Ch 15"
"Bandwidth from PortXmitData","Δ × 4 ÷ Δt","Ch 15"
"IB congestion counter","PortXmitWait","Ch 15"
"Network Operator main CR","NicClusterPolicy","Ch 16"
"Pod annotation for secondary network","k8s.v1.cni.cncf.io/networks","Ch 16"
"Pod capability for RDMA","IPC_LOCK","Ch 16"
"Shared RDMA resource name","rdma/rdma_shared_device_a","Ch 16"
"ibdiagnet output directory","/var/tmp/ibdiagnet2/","Ch 17"
"Clear counters then report any errors","ibdiagnet -pc · ibdiagnet -P all=1","Ch 17"
"ibping server / client","ibping -S / ibping -L <lid>","Ch 17"
"Link width and speed for every link","iblinkinfo","Ch 17"
"ASIC table utilisation (Cumulus)","cl-resource-query / nv show platform asic resource","Ch 18"
"cl-resource-query output format","count, % of maximum, maximum per table","Ch 18"
"RoCE perftest GID flag","-x <index> (or -R for RDMA-CM)","Ch 19"
"perftest order of operations","Start server first, then client with the server's address","Ch 19"
"nccl-tests all-reduce sweep","all_reduce_perf -b 8 -e 8G -f 2 -g 1","Ch 19"
"NVUE templates engine","Jinja2 rendering NVUE YAML or nv set lists","Ch 21"
"NVUE snippet types","Traditional (fixed files, e.g. frr.conf) and flexible (any file, with services)","Ch 21"
"Ansible collection for Cumulus 5.x","nvidia.nvue","Ch 22"
"Ansible dry run","ansible-playbook … --check --diff","Ch 22"
"AI factory","A data centre designed as one computer whose job is to produce AI (training, tokens) at scale","Ch 1"
"JCT","Job completion time: set by the slowest participant in each synchronous step","Ch 1"
"Tail latency","Latency of the slowest few percent of transfers; it drives collective performance","Ch 1"
"Elephant flow","A very large, long-lived flow, typical of AI collectives","Ch 1"
"Low entropy","Few distinct flow 5-tuples, so ECMP hashing distributes load poorly","Ch 1"
"Incast","Many senders to one receiver at the same moment","Ch 1"
"RDMA","NIC-to-NIC memory transfer that bypasses the CPU and kernel stack","Ch 1"
"GPUDirect RDMA","NIC reads and writes GPU memory directly over PCIe","Ch 1"
"RoCE","RDMA over Converged Ethernet (RoCEv2 runs over UDP/IP)","Ch 1"
"Compute fabric","East-west network for GPU-to-GPU traffic between nodes","Ch 1"
"Storage fabric","Network for dataset reads and checkpoint writes","Ch 1"
"In-band management","Network for cluster services, provisioning, SSH and external access","Ch 1"
"OOB management","1 GbE network for BMCs and device management ports","Ch 1"
"DGX B200 compute NICs","8 × ConnectX-7, up to 400 Gb/s each","Ch 1"
"DGX B200 BlueField-3 role","Storage and in-band management","Ch 1"
"PIX (topo -m)","GPU and NIC share one PCIe switch (best affinity)","Ch 1"
"SYS (topo -m)","The path crosses the CPU socket interconnect (poor affinity)","Ch 1"
"DPU","NIC plus Arm cores and memory, for infrastructure offload and isolation (north-south)","Ch 1"
"SuperNIC","East-west AI accelerator for Spectrum-X; reorders sprayed packets","Ch 1"
"Spectrum-X","Spectrum-4 switches plus SuperNICs, working end to end","Ch 1"
"SN2201","48 × 1 GbE OOB management switch","Ch 1"
"Subnet Manager","Assigns LIDs and computes routes for an InfiniBand fabric","Ch 1"
"SU (SuperPOD)","32 nodes plus 8 rail leaves: a repeatable building block","Ch 1"
"Scale-up","GPU-to-GPU inside an NVLink domain (node or NVL72 rack)","Ch 2"
"Scale-out","GPU-to-GPU between NVLink domains over IB or Spectrum-X","Ch 2"
"NVLink 4 (H100)","900 GB/s per GPU, bidirectional","Ch 2"
"NVLink 5 (B200/GB200)","1.8 TB/s per GPU, bidirectional","Ch 2"
"NVL72","72 GPUs in one NVLink domain; 130 TB/s total NVLink bandwidth","Ch 2"
"nvidia-peermem","Kernel module enabling GPU memory registration for RDMA","Ch 2"
"Host staging","GPU → host memory → NIC; slower fallback","Ch 2"
"All-reduce","Reduce-scatter + all-gather; everyone gets the full sum","Ch 2"
"All-to-all","Every GPU sends a distinct piece to every other GPU (MoE)","Ch 2"
"NCCL","NVIDIA Collective Communications Library","Ch 2"
"Ring / Tree","NCCL algorithms: bandwidth-optimal / lower latency at scale","Ch 2"
"CollNet","NCCL algorithm using InfiniBand SHARP","Ch 2"
"NVLS","NCCL algorithm using NVLink SHARP in NVSwitch","Ch 2"
"LL / LL128 / Simple","NCCL protocols from lowest latency to highest bandwidth","Ch 2"
"Ring all-reduce bytes per GPU","2(n−1)/n × S","Ch 2"
"busbw (all-reduce)","algbw × 2(n−1)/n","Ch 2"
"Rail-optimized","NIC n of every node → rail leaf n","Ch 2"
"PXN","NVLink hop to the GPU whose NIC is on the destination rail","Ch 2"
"Non-blocking","Uplink = downlink bandwidth (1:1)","Ch 2"
"Two-tier fat-tree max","k²/2 endpoints","Ch 2"
"Three-tier fat-tree max","k³/4 endpoints","Ch 2"
"ibdiagnet --rail_validation","Checks rail cabling by PCIe BDF; writes ibdiagnet2.rails","Ch 2"
"NCCL_IB_HCA","Restricts NCCL to listed RDMA devices","Ch 2"
"NCCL_DEBUG=INFO","Prints NCCL network and transport selection","Ch 2"
"RoCEv2","IB transport over UDP/IP; destination port 4791; routable","Ch 3"
"RoCEv1","Ethertype 0x8915; Layer-2 only","Ch 3"
"iWARP","RDMA over TCP; not used in NVIDIA AI fabrics","Ch 3"
"PD","Protection Domain: groups and isolates verbs resources","Ch 3"
"MR","Memory Region: registered buffer with lkey and rkey","Ch 3"
"lkey / rkey","Local use key / remote access key","Ch 3"
"CQ / CQE","Completion Queue / Completion Queue Entry","Ch 3"
"QP / QPN","Queue Pair (SQ + RQ) / its number","Ch 3"
"RC / UC / UD","Reliable Connected / Unreliable Connected / Unreliable Datagram","Ch 3"
"One-sided ops","RDMA WRITE, RDMA READ, atomics","Ch 3"
"Two-sided ops","SEND/RECV (receiver pre-posts RECV)","Ch 3"
"QP states","RESET → INIT → RTR → RTS (ERR on failure)","Ch 3"
"RTR needs","Remote QPN, PSN, LID/GID, path MTU","Ch 3"
"LRH","8 B; VL, SL, DLID, SLID","Ch 3"
"GRH","40 B; SGID, DGID; optional in IB","Ch 3"
"BTH","12 B; OpCode, P_Key, Dest QPN (24 b), PSN (24 b)","Ch 3"
"RETH","16 B; VA, rkey, DMA length","Ch 3"
"ICRC / VCRC","Invariant CRC (4 B) / Variant CRC (2 B, IB only)","Ch 3"
"LID","16-bit local address from the SM","Ch 3"
"GID","128-bit address; on RoCE derived from the IP address","Ch 3"
"GID index","Table position of the GID to use; check with show_gids","Ch 3"
"Go-back-N","Retransmit from the missing PSN onwards after a NAK","Ch 3"
"mlxconfig LINK_TYPE","1 = InfiniBand, 2 = Ethernet","Ch 3"
"Soft-RoCE","rdma link add rxe0 type rxe netdev eth0","Ch 3"
"Cumulus Linux","Debian-based NOS for Spectrum switches","Ch 4"
"switchd","Programs kernel state into the Spectrum ASIC","Ch 4"
"FRR / vtysh","Routing suite / its CLI","Ch 4"
"ifupdown2","Interface configuration engine","Ch 4"
"NVUE","NVIDIA User Experience: object-model CLI and API","Ch 4"
"swp1s0","First breakout sub-port of swp1","Ch 4"
"mgmt VRF","Default VRF for eth0 management","Ch 4"
"nv set / unset","Change / remove pending configuration","Ch 4"
"nv show","Configuration and operational state","Ch 4"
"nv config apply","Pending → applied","Ch 4"
"nv config save","Applied → startup","Ch 4"
"startup.yaml","/etc/nvue.d/startup.yaml","Ch 4"
"--confirm","Apply with automatic rollback unless confirmed","Ch 4"
"nv config diff","Pending vs applied, or any two revisions","Ch 4"
"nv config history","Who changed what, per revision","Ch 4"
"nv config patch / replace","Merge / replace pending with a YAML file","Ch 4"
"Breakout","nv set interface swpX link breakout 2x","Ch 4"
"Default MTU (5.x)","9216","Ch 4"
"BGP ASN path","nv set router bgp autonomous-system","Ch 4"
"Unnumbered neighbour","nv set vrf default router bgp neighbor swpX remote-as external","Ch 4"
"NVUE API","https://switch:8765/nvue_v1/","Ch 4"
"API apply","PATCH revision/<id> {""state"":""apply""}","Ch 4"
"NCLU","Cumulus 4.x CLI: net add / net commit","Ch 4"
"RoCE config tool","NVUE only","Ch 4"
"QoS pipeline","Trust → SP → TC → buffers → PFC/ECN → ETS","Ch 5"
"PCP","3-bit 802.1Q priority; lost when routed","Ch 5"
"DSCP","6-bit IP marking; survives routing","Ch 5"
"ECN 11","Congestion Experienced (CE)","Ch 5"
"ECN 10","ECT(0)","Ch 5"
"Enable RoCE","nv set qos roce","Ch 5"
"Default mode","lossless","Ch 5"
"Lossy mode","nv set qos roce mode lossy (no PFC)","Ch 5"
"RoCE mapping","DSCP 24–31 → SP 3 → TC 3, DWRR 50%","Ch 5"
"CNP mapping","DSCP 48–55 → SP 6 → TC 6, strict","Ch 5"
"Default trust","PCP, DSCP","Ch 5"
"ECN defaults","Min 146.48 KB, max 1.43 MB, probability 100%, TC 0 and 3","Ch 5"
"PFC scope","Per priority, hop by hop","Ch 5"
"PFC frame DA","01:80:C2:00:00:01","Ch 5"
"Headroom","Buffer for in-flight data after PAUSE","Ch 5"
"PFC storm","Continuous pause from a faulty device; use a watchdog","Ch 5"
"DCQCN CP","Switch marks CE","Ch 5"
"DCQCN NP","Receiver sends CNP","Ch 5"
"DCQCN RP","Sender cuts rate","Ch 5"
"TC byte 106","DSCP 26 + ECT(0)","Ch 5"
"NCCL_IB_TC","Sets the RoCE traffic class byte for NCCL","Ch 5"
"mlnx_qos","Host trust/PFC tool for ConnectX","Ch 5"
"rp_cnp_handled","Sender received and acted on CNPs","Ch 5"
"np_cnp_sent","Receiver sent CNPs","Ch 5"
"ECMP","Per-flow hash across equal-cost paths; not load-aware","Ch 6"
"Spectrum-X AR","Per-packet port choice by queue occupancy and utilisation","Ch 6"
"AR traffic scope","RoCEv2 unicast and VXLAN-encapsulated RoCE","Ch 6"
"AR topology scope","L3 uplinks, next hops in the default VRF","Ch 6"
"AR not supported on","Subinterfaces, SVIs, bonds","Ch 6"
"Global AR","nv set router adaptive-routing state enabled","Ch 6"
"Interface AR","nv set interface swpX router adaptive-routing state enabled","Ch 6"
"Verify AR","nv show router adaptive-routing","Ch 6"
"AR utilisation threshold","70% default; custom profile to change","Ch 6"
"DDP","SuperNIC direct data placement handles reordering","Ch 6"
"Spectrum-X CC","Switch telemetry + SuperNIC flow metering","Ch 6"
"Performance isolation","Tenants don't degrade each other's performance","Ch 6"
"HFT interval","100–12,750 µs, default 5,000 µs","Ch 6"
"HFT counters","rx/tx-byte, rx/tx-packet, tc-occupancy","Ch 6"
"HFT platform","Spectrum-4 and later; PTP recommended","Ch 6"
"HFT files","/var/run/cumulus/hft","Ch 6"
"OTLP enable","nv set system telemetry export otlp state enabled","Ch 6"
"OTLP destination","… otlp grpc destination <ip> port <p>","Ch 6"
"WJH","ASIC drop reasons","Ch 6"
"Hash seed","nv set system forwarding hash-seed <n>","Ch 6"
"cl-ecmpcalc","Predicts a flow's ECMP path","Ch 6"
"Resilient hashing","traffic.conf; needs a switchd restart","Ch 6"
"VXLAN port","UDP 4789","Ch 7"
"VNI size","24 bits","Ch 7"
"VXLAN overhead","~50 bytes (IPv4)","Ch 7"
"VTEP","Encapsulates/decapsulates VXLAN; leaf loopback","Ch 7"
"EVPN T2","MAC/IP advertisement","Ch 7"
"EVPN T3","IMET: flood list (head-end replication)","Ch 7"
"EVPN T5","IP prefix","Ch 7"
"EVPN T1/T4","Multihoming (AD / ES)","Ch 7"
"RD","Makes routes unique","Ch 7"
"RT","Controls import/export, so it gives isolation","Ch 7"
"L2 VNI","Stretched subnet","Ch 7"
"L3 VNI","Tenant VRF","Ch 7"
"Symmetric IRB","Both VTEPs route; L3 VNI; router MAC","Ch 7"
"Anycast gateway","Same GW IP/MAC on every leaf (VRR)","Ch 7"
"Enable EVPN","nv set evpn state enabled","Ch 7"
"VTEP source","nv set nve vxlan source address <ip>","Ch 7"
"VLAN→VNI","nv set bridge domain br_default vlan X vni Y","Ch 7"
"VRF→L3 VNI","nv set vrf T evpn vni N","Ch 7"
"EVPN AF","… address-family l2vpn-evpn state enabled","Ch 7"
"Type-5 export","… ipv4-unicast route-export to-evpn state enabled","Ch 7"
"show evpn vni","Local VNIs, VRFs, remote VTEPs","Ch 7"
"RoCE in VXLAN","Outer DSCP/ECN must reflect inner; AR supported","Ch 7"
"BF-3 DPU default","DPU mode (ECPF)","Ch 8"
"BF-3 SuperNIC default","NIC mode","Ch 8"
"Zero-trust","Host can't access or reconfigure BF","Ch 8"
"Separated host","Obsolete; don't use","Ch 8"
"DPU→NIC (BF-3)","mlxconfig s INTERNAL_CPU_OFFLOAD_ENGINE=1","Ch 8"
"NIC→DPU (BF-3)","mlxconfig s INTERNAL_CPU_OFFLOAD_ENGINE=0","Ch 8"
"After mode change","System-level reset","Ch 8"
"Query config","mlxconfig -d <dev> -e q","Ch 8"
"DPA","Datapath Accelerator","Ch 8"
"DOCA","NVIDIA infrastructure software framework","Ch 8"
"doca-networking","Recommended for ConnectX/SuperNIC; includes PCC and perftest","Ch 8"
"doca-ofed","Driver-only (≈ MLNX_OFED)","Ch 8"
"doca-all","Full suite","Ch 8"
"doca-roce / doca-host-basic","Minimal RoCE / basic Ethernet","Ch 8"
"DOCA-PCC","Programmable congestion control","Ch 8"
"BFB","BlueField bootstream image","Ch 8"
"bfb-install","Installs a BFB over rshim","Ch 8"
"rshim","Host management interface to BF","Ch 8"
"LINK_TYPE_Px","1 = IB, 2 = ETH","Ch 8"
"spectrumXOptimized","NIC profile in NicConfigurationTemplate","Ch 8"
"hwplb","Needs ConnectX-8/9 SuperNIC","Ch 8"
"OVS-DOCA","Accelerated virtual switch on DPU","Ch 8"
"NVIDIA Air","Cloud-hosted DC simulation / digital twin","Ch 9"
"Current name / URL","NVIDIA DSX Air · dsx-air.nvidia.com","Ch 9"
"Switch image","Cumulus VX","Ch 9"
"Build methods","Demos · UI builder · DOT/JSON import","Ch 9"
"Recommended import","JSON","Ch 9"
"DOT link","""a"":""swpX"" -- ""b"":""ethY""","Ch 9"
"DOT node attrs","os, cpu, memory, storage, boot","Ch 9"
"OOB nodes","oob-mgmt-server, oob-mgmt-switch","Ch 9"
"OOB interface","eth0 (mgmt VRF)","Ch 9"
"Access","Console, SSH via services, API/SDK","Ch 9"
"Server init","cloud-init","Ch 9"
"Validates","NVUE, routing, EVPN, automation, NetQ","Ch 9"
"Doesn't validate","ASIC data plane, AR spraying, HFT, performance","Ch 9"
"Twin fidelity","Same versions + same source of truth","Ch 9"
"NetQ components","Agents, server/platform, CLI, UI, APIs","Ch 10"
"netq show agents","Agent freshness and communication","Ch 10"
"netq check …","Fabric-wide validations","Ch 10"
"netq check roce","RoCE configuration consistency","Ch 10"
"netq show roce-config","RoCE config per switch","Ch 10"
"netq show roce-counters pool","RoCE buffer pools","Ch 10"
"roce-counters (dpu | nic)","Endpoint RoCE counters","Ch 10"
"tca_roce","RoCE threshold-crossing events","Ch 10"
"WJH categories","L1, L2, router, tunnel, ACL, buffer/congestion","Ch 10"
"WJH default","On from Cumulus 4.4.0","Ch 10"
"Switch WJH drops","nv show system wjh packet-buffer","Ch 10"
"WJH PCAP","what-just-happened poll --export","Ch 10"
"NetQ collect WJH","netq config add agent wjh (+ restart)","Ch 10"
"NetQ WJH view","netq show wjh-drop [details]","Ch 10"
"WJH thresholds","wjh-threshold latency|congestion <tcs> <ports> <hi> <lo>","Ch 10"
"WJH latency","Time inside a single switch","Ch 10"
"UI RoCE","Spectrum-X → RoCE","Ch 10"
"SM","Discovers, assigns LIDs, routes (LFTs), activates, PKeys, QoS, multicast, AR","Ch 11"
"SA","Subnet Administration: PathRecord queries (QP1)","Ch 11"
"SMA","Agent on every switch/CA answering the SM","Ch 11"
"SMP","QP0, VL15, directed route","Ch 11"
"LFT","Switch table: DLID → output port","Ch 11"
"NDR","100 Gb/s per lane, 400 Gb/s 4x","Ch 11"
"XDR","200 Gb/s per lane, 800 Gb/s 4x","Ch 11"
"HDR","50 Gb/s per lane, 200 Gb/s 4x","Ch 11"
"Port states","Down → Initialize → Armed → Active","Ch 11"
"LinkUp + Init","SM hasn't configured the port","Ch 11"
"Polling","Physical problem","Ch 11"
"SM priority","0–15, highest wins; tie → lowest GUID","Ch 11"
"SM states","Discovering, Master, Standby, Not-active","Ch 11"
"sminfo","Shows master SM","Ch 11"
"ar_updn","AR-enabled up/down engine (fat-tree default)","Ch 11"
"root GUID file","Lists spine GUIDs for up/down engines","Ch 11"
"ibswitches / ibhosts","List switches / CAs","Ch 11"
"iblinkinfo","All links, width, speed, state","Ch 11"
"ibroute","Print a switch's LFT","Ch 11"
"Embedded SM enable","ib smnode <name> enable","Ch 12"
"Embedded SM priority","ib smnode <name> sm-priority <n>","Ch 12"
"Embedded SM scale","Up to ~2,048 nodes (x86)","Ch 12"
"MLNX-OS save","configuration write","Ch 12"
"NVOS","Newer IB switch OS with an NVUE-style CLI","Ch 12"
"UFM forms","Bare metal, Docker, appliance","Ch 12"
"UFM SM files","/opt/ufm/files/conf/opensm/","Ch 12"
"AR engine","routing_engine ar_updn","Ch 12"
"Root GUIDs","root_guid_file (spines)","Ch 12"
"Reload OpenSM","pkill -HUP opensm","Ch 12"
"Pacemaker","HA resource manager","Ch 12"
"DRBD","Block replication of UFM data","Ch 12"
"VIP","Floating master address","Ch 12"
"HA Watcher","Health-based failover trigger","Ch 12"
"HA config","configure_ha_nodes.sh","Ch 12"
"HA status","ufm_ha_cluster status","Ch 12"
"failover","Run on master","Ch 12"
"takeover","Run on standby","Ch 12"
"pcs resource cleanup","Clear failed actions","Ch 12"
"PKey size","16 bits","Ch 13"
"0x8001","Full member of partition 0x0001","Ch 13"
"0x0001","Limited member of partition 0x0001","Ch 13"
"F↔F / F↔L / L↔L","✔ / ✔ / ✘","Ch 13"
"P_Key location","BTH","Ch 13"
"Who programs","SM only","Ch 13"
"QP binding","PKey index at INIT","Ch 13"
"partitions.conf default member","limited","Ch 13"
"Keywords","ALL, ALL_CAS, ALL_SWITCHES, ALL_ROUTERS, SELF","Ch 13"
"ipoib flag","Creates an IPoIB broadcast group","Ch 13"
"Host table","/sys/class/infiniband/<dev>/ports/<p>/pkeys/*","Ch 13"
"smpquery pkeys","Read a PKey table via SMP","Ch 13"
"IPoIB child","ip link add link ib0 name ib0.8001 type ipoib pkey 0x8001","Ch 13"
"Shared services","Servers full, clients limited","Ch 13"
"SL","4-bit service level in LRH (0–15)","Ch 14"
"VL","Per-hop virtual lane; VL15 = management","Ch 14"
"SL2VL","Per-port SL→VL table (SM-programmed)","Ch 14"
"VL arbitration","High/low tables, weights, limit","Ch 14"
"IB lossless","Credit-based flow control per VL","Ch 14"
"Enable QoS","qos TRUE","Ch 14"
"NCCL SL","NCCL_IB_SL","Ch 14"
"IB CC","FECN → BECN → throttle","Ch 14"
"No AR","routing_engine updn","Ch 14"
"Root switches","root_guid_file","Ch 14"
"AR algorithms","LAG, TREE, DF_PLUS","Ch 14"
"Apply SM config","pkill -HUP opensm","Ch 14"
"SHARP","In-switch reductions","Ch 14"
"Aggregation Manager","sharp_am (UFM)","Ch 14"
"SHARPv3","Quantum-2; streaming aggregation","Ch 14"
"NCCL SHARP","CollNet · NCCL_COLLNET_ENABLE=1 · NCCL-SHARP plugin","Ch 14"
"SHARP data per host","≈ S (ring ≈ 2S)","Ch 14"
"History interval","5 minutes","Ch 15"
"Primary CSV endpoint","127.0.0.1:9001/csv/cset/converted_enterprise","Ch 15"
"Secondary CSV endpoint","127.0.0.1:9002/csv/xcset/low_freq_debug","Ch 15"
"Data counter unit","4-byte words","Ch 15"
"Bandwidth","ΔPortXmitData × 4 ÷ Δt","Ch 15"
"PortXmitWait","Congestion (waiting for credits)","Ch 15"
"SymbolErrorCounter","Marginal PHY","Ch 15"
"LinkErrorRecoveryCounter","Retraining events","Ch 15"
"LinkDownedCounter","Flaps","Ch 15"
"VL15Dropped","Dropped SM packets","Ch 15"
"Healthy port","Active / LinkUp / NDR / 4X","Ch 15"
"Degraded","Wrong width or speed while Active","Ch 15"
"Main CR","NicClusterPolicy (mellanox.com/v1alpha1)","Ch 16"
"Driver section","ofedDriver (DOCA-OFED driver container)","Ch 16"
"Shared RDMA resource","rdma/rdma_shared_device_a","Ch 16"
"rdmaHcaMax","Pods per shared device = units advertised","Ch 16"
"Multiple pod interfaces","Multus CNI","Ch 16"
"IB secondary network","IPoIBNetwork + ipoib-cni","Ch 16"
"Ethernet secondary networks","MacvlanNetwork · HostDeviceNetwork · SR-IOV","Ch 16"
"IP allocation","NV-IPAM (IP pools)","Ch 16"
"Pod network annotation","k8s.v1.cni.cncf.io/networks","Ch 16"
"RDMA pod capability","IPC_LOCK","Ch 16"
"PKeys for pods","ib-kubernetes + UFM API","Ch 16"
"Spectrum-X NIC profile","NicConfigurationTemplate spectrumXOptimized","Ch 16"
"GDR in pods","GPU Operator peer memory (nvidia-peermem) or DMA-BUF","Ch 16"
"Pending ""Insufficient rdma/…""","Device plugin not advertising: check selector, plugin logs","Ch 16"
"Healthy ibstat","Active · LinkUp · Rate 400 · SM lid set","Ch 17"
"LinkUp + Initializing","SM hasn't configured the port","Ch 17"
"Rate 200 on NDR","Degraded (HDR or 2X)","Ch 17"
"Inventory tools","ibnodes · ibswitches · ibhosts","Ch 17"
"Link tool","iblinkinfo (width, speed, state, peer)","Ch 17"
"Helix-A counts","24 switches · 514 CAs","Ch 17"
"ibping server","ibping -S","Ch 17"
"ibping client","-L <lid> or -G <port GUID>","Ch 17"
"ibdiagnet output","/var/tmp/ibdiagnet2/ · ibdiagnet2.log first","Ch 17"
"ibdiagnet counters","--pc reset · -P all=1 · --pm_pause_time (default 1 s)","Ch 17"
"ibdiagnet extras","-r routing · --sharp · --pkey · --rail_validation","Ch 17"
"perftest order","Server first, then client with server address (TCP 18515)","Ch 17"
"Healthy NDR ib_write_bw","~390 Gb/s at 64 KB","Ch 17"
"cl-resource-query","Linux: ASIC resource count, % of max, max","Ch 18"
"NVUE equivalent","nv show platform asic resource [global | acl] (5.15+: nv show platform asic <asic-id> resource …)","Ch 18"
"KVD","MAC, host, LPM, ECMP/adjacency","Ch 18"
"ATCAM","ACL rules (TCAM on Spectrum-1)","Ch 18"
"Forwarding profile","Splits KVD; change restarts switchd","Ch 18"
"/32 routes count as","IPv4 host entries","Ch 18"
"Exhaustion signature","FRR OK, forwarding partial, differs per switch","Ch 18"
"Preferred fix","Reduce state (filter, aggregate, stop leaks)","Ch 18"
"Local WJH view","nv show system wjh packet-buffer · what-just-happened poll","Ch 18"
"NetQ agent + WJH","Local service stops; NetQ receives drops","Ch 18"
"Ingress VLAN filtering","L2: port not a member of the VLAN","Ch 18"
"TTL value is too small","Router: TTL 1, loop or traceroute","Ch 18"
"Tail drop TC 0 UDP 4791","Unmarked RoCE in lossy class","Ch 18"
"Test ladder","Link → perftest host → perftest GDR → NCCL node → NCCL multi-node → app","Ch 19"
"-x","GID index (RoCE only)","Ch 19"
"--tclass=106","DSCP 26 + ECT(0), Helix-B lossless class","Ch 19"
"--use_cuda=<gpu>","GPUDirect RDMA test with GPU memory","Ch 19"
"--report_gbits","Bandwidth in Gb/s","Ch 19"
"-a / -s / -n / -D","All sizes / size / iterations / duration","Ch 19"
"Default sizes","BW 65,536 B · latency 2 B","Ch 19"
"NDR/400GbE ib_write_bw","≈ 390 Gb/s average at ≥ 64 KB","Ch 19"
"Latency to quote","t_typical + 99/99.9 percentiles","Ch 19"
"IB vs RoCE latency (1 hop)","≈ 1–1.3 µs vs ≈ 1.5–2.5 µs","Ch 19"
"busbw all-gather / all-to-all","algbw × (n−1)/n","Ch 19"
"RoCE NCCL trio","NCCL_IB_HCA · NCCL_IB_GID_INDEX · NCCL_IB_TC","Ch 19"
"PCIe for 400G","Gen5 x16","Ch 19"
"UFM Health","UFM server: config, processes, CPU, memory, disk, fabric interface","Ch 20"
"Fabric Health","Fabric: LIDs, duplicates, SM, links, speed/width, BER, firmware, cables, alarms","Ch 20"
"Health monitoring config","/opt/ufm/files/conf/UFMHealthConfiguration.xml","Ch 20"
"Three tiers","Test → corrective → give-up (e.g. failover)","Ch 20"
"Default thresholds","CPU 80% · memory 90% · /opt/ufm disk 90%","Ch 20"
"CheckSubnetManager","Multiple masters, SM not found, SMInfo failures","Ch 20"
"CheckTemperature","Can UFM read the sensors?","Ch 20"
"Raw BER","Pre-FEC","Ch 20"
"Effective BER","Post-FEC (CheckEffectiveBER)","Ch 20"
"Symbol BER","After all PHY correction","Ch 20"
"Isolate","Link up, routing avoids it","Ch 20"
"Unhealthy ports parameter","hm_unhealthy_ports_checks TRUE","Ch 20"
"System dump CLI","ufm_sysdump.sh -o <dir> · default /opt/ufm/backup","Ch 20"
"Reports API","POST /ufmRest/reports/Fabric_Health","Ch 20"
"Startup file","/etc/nvue.d/startup.yaml","Ch 21"
"Config as commands","nv config show -o commands","Ch 21"
"Include defaults","nv config show --all","Ch 21"
"Merge a file","nv config patch <file>","Ch 21"
"Whole config from file","nv config replace <file> (must be complete)","Ch 21"
"Rollback","nv config apply <revision>","Ch 21"
"Trial apply","nv config apply --confirm [time] (default 10 min)","Ch 21"
"Traditional snippet files","frr.conf · interfaces · traffic.conf · snmpd.conf · sshd_config","Ch 21"
"Flexible snippet keys","file · permissions · content · services","Ch 21"
"Jinja2 safety","StrictUndefined + YAML validation","Ch 21"
"API create revision","POST /nvue_v1/revision","Ch 21"
"API replace","DELETE /nvue_v1/?rev=N then PATCH /nvue_v1/?rev=N","Ch 21"
"ZTP","# CUMULUS-AUTOPROVISIONING · exit 0 · DHCP option 239","Ch 21"
"NVUE collection","nvidia.nvue","Ch 22"
"Install","ansible-galaxy collection install nvidia.nvue","Ch 22"
"High-level modules","nvidia.nvue.api (REST) · nvidia.nvue.command (nv CLI)","Ch 22"
"Connection","ansible.netcommon.httpapi","Ch 22"
"Network OS","nvidia.nvue.httpapi","Ch 22"
"API port","8765 (HTTPS, basic auth)","Ch 22"
"Verify RoCE","nv show qos roce","Ch 22"
"Idempotent","Second run changed=0","Ch 22"
"Dry run","--check --diff","Ch 22"
"Handler","Runs once at end if notified by a changed task","Ch 22"
"SSH idempotent pattern","detach → patch → diff → apply handler","Ch 22"
"Secrets","Ansible Vault","Ch 22"
